Objectidfieldname,Uniqueidfield Name,Uniqueidfield Issystemmaintained,Globalidfieldname,Servergens Minservergen,Servergens Servergen,Geometrytype,Spatialreference Wkid,Spatialreference Latestwkid,Fields Name,Fields Type,Fields Alias,Fields Sqltype,Fields Domain,Fields Defaultvalue,Fields Length,Exceededtransferlimit,Features Attributes No,Features Attributes Sr,Features Attributes Township,Features Attributes Case,Features Attributes Tested,Features Attributes Pui,Features Attributes M,Features Attributes F,Features Attributes Child,Features Attributes Adult,Features Attributes Confirmed,Features Attributes Death,Features Attributes Recovered,Features Attributes Latitude,Features Attributes Longitude,Features Attributes Fid,Features Attributes Globalid,Features Attributes Creationdate,Features Attributes Creator,Features Attributes Editdate,Features Attributes Editor
FID,FID,true,GlobalID,212003,215947,esriGeometryPoint,102100,3857,No,esriFieldTypeInteger,No,sqlTypeFloat,,,,true,64,Rakhine State,Sittwe Township,"292,375,377,378,379,395,396,397,398,399,400,401,402,403,404,405,406, 407,409,410,411,412,413,414,415,416,417,418,419,420,421,422,423,424,425,426,427,428,429,430,431,432,433,434,435,436,437,438,439,445,446, 447,448,449,450,451,452,453,454,455,456,457,458",,,166,192,5,680,685,1,14,20.13727,92.88551,64,6f39f39a-2ef5-4eb9-9448-08b6aa144835,1598151582284,NanThidaPhyo1,1600776402113,NanThidaPhyo1
FID,FID,true,GlobalID,212003,215947,esriGeometryPoint,102100,3857,SR,esriFieldTypeString,SR,sqlTypeNVarchar,,,256,true,32,Yangon Region,Thingangyun Township,"109, 184, 584, 595",,,40,48,13,437,450,2,3,16.831011,96.19323,32,669beab1-d1db-45d5-b240-ff7f8dc18f11,1598151582284,NanThidaPhyo1,1600777000145,NanThidaPhyo1
FID,FID,true,GlobalID,212003,215947,esriGeometryPoint,102100,3857,Township,esriFieldTypeString,Township,sqlTypeNVarchar,,,256,true,84,"New Case (21-9-2020, 8:00 AM)",Laboratory Confirmed,"109, 184, 584, 595",,,40,48,13,437,273,2,506,20.482153632,92.7560568655,84,3b574ed8-f138-4388-ab83-fccd89ec9b9e,1598627905026,NanThidaPhyo1,1600782210947,NanThidaPhyo1
FID,FID,true,GlobalID,212003,215947,esriGeometryPoint,102100,3857,Case,esriFieldTypeString,Case,sqlTypeNVarchar,,,256,true,4,Yangon Region,Insein Township,"3, 6, 34, 35, 36, 37, 38, 41, 54, 55, 56, 58, 59, 61, 72, 73, 84, 93, 94, 123, 127, 130, 141, 151, 152, 153, 154, 157, 162, 165, 166, 167, 168, 169, 170, 171, 172, 173, 174, 175, 176, 177, 179, 194, 195, 196, 197, 198, 199, 321, 342, 343, 478, 740, 742",,,45,1,4,220,224,2,52,16.901771,96.095959,4,5c64e52a-96da-4b4a-bac3-43e6fcfaa188,1598151582284,NanThidaPhyo1,1600776745141,NanThidaPhyo1
FID,FID,true,GlobalID,212003,215947,esriGeometryPoint,102100,3857,Tested,esriFieldTypeInteger,Tested,sqlTypeFloat,,,256,true,13,Yangon Region,South Okkalapa Township,"47, 48, 49, 50, 51, 52, 89, 90, 91, 102, 128, 148, 149, 506",,,27,39,2,221,223,2,13,16.846249,96.179859,13,4a50d301-8fc7-4751-9f5c-b09050b47caa,1598151582284,NanThidaPhyo1,1600776836769,NanThidaPhyo1
FID,FID,true,GlobalID,212003,215947,esriGeometryPoint,102100,3857,PUI,esriFieldTypeInteger,PUI,sqlTypeFloat,,,256,true,60,"New Case (20-9-2020, 8:00 PM)",Laboratory Confirmed,"47, 48, 49, 50, 51, 52, 89, 90, 91, 102, 128, 148, 149, 506",,,27,39,2,221,216,88,1057,16.846249,96.179859,60,0312c304-7e22-4dca-980b-11cd9f6daea8,1598151582284,NanThidaPhyo1,1600825782550,NanThidaPhyo1
FID,FID,true,GlobalID,212003,215947,esriGeometryPoint,102100,3857,M,esriFieldTypeInteger,M,sqlTypeFloat,,,256,true,30,Yangon Region,Tamwe Township,"11, 12, 13, 87, 126, 134, 147, 155, 163, 164, 736",,,27,30,2,214,214,1,10,16.810182,96.17646,30,97331625-4c31-4d9d-a9fc-1c77c6e42ae6,1598151582284,NanThidaPhyo1,1600776984320,NanThidaPhyo1
FID,FID,true,GlobalID,212003,215947,esriGeometryPoint,102100,3857,F,esriFieldTypeInteger,F,sqlTypeFloat,,,256,true,40,Yangon Region,Hlaing Township,"137, 140, 192, 193, 202, 225, 226, 227, 228, 243, 246, 288, 289, 295, 296, 297, 298, 299, 305, 306, 307, 328, 329, 330, 337, 362, 363, 364, 365, 366, 367, 368, 369, 371, 372, 373, 374, 464, 465, 475, 476, 580, 596, 597, 598",,,52,22,2,211,213,1,35,16.847934,96.125227,40,35f219ef-7c57-40b8-933d-61bcf0fdfc12,1598151582284,NanThidaPhyo1,1600777117487,NanThidaPhyo1
FID,FID,true,GlobalID,212003,215947,esriGeometryPoint,102100,3857,Child,esriFieldTypeInteger,Child,sqlTypeFloat,,,256,true,9,Yangon Region,Mingaladon Township,"9, 97, 124, 229, 319, 320, 331, 350, 356, 360, 376, 394, 600, 775, 776",,,14,18,3,188,191,1,11,16.94914,96.12795,9,ecf0393d-09f9-4d69-90f5-c531c89b55d9,1598151582284,NanThidaPhyo1,1600776804073,NanThidaPhyo1
FID,FID,true,GlobalID,212003,215947,esriGeometryPoint,102100,3857,Adult,esriFieldTypeInteger,Adult,sqlTypeFloat,,,256,true,37,Yangon Region,Thaketa Township,"122, 129, 701",,,15,21,2,184,186,1,2,16.793009,96.202959,37,70ca081e-c3d1-476e-82f2-6ee872362594,1598151582284,NanThidaPhyo1,1600777089376,NanThidaPhyo1
FID,FID,true,GlobalID,212003,215947,esriGeometryPoint,102100,3857,Confirmed,esriFieldTypeInteger,Confirmed,sqlTypeFloat,,,256,true,15,Yangon Region,Hlaingtharya Township,"26, 63, 80, 81, 111",,,13,15,3,174,177,1,5,16.85402,96.06893,15,8a30a890-c682-49ac-b399-45d6a7ac8b15,1598151582284,NanThidaPhyo1,1600776863920,NanThidaPhyo1
FID,FID,true,GlobalID,212003,215947,esriGeometryPoint,102100,3857,Death,esriFieldTypeInteger,Death,sqlTypeFloat,,,256,true,11,Yangon Region,North Okkalapa Township,"16, 75, 601, 602, 734, 738, 741",,,7,20,3,174,174,1,2,16.918775,96.163028,11,f1338bcf-dcb5-4c84-863e-1ec3233ae456,1598151582284,NanThidaPhyo1,1600776822544,NanThidaPhyo1
FID,FID,true,GlobalID,212003,215947,esriGeometryPoint,102100,3857,Recovered,esriFieldTypeInteger,Recovered,sqlTypeFloat,,,256,true,14,Yangon Region,Mayangone Township,"24, 43, 44, 45, 62, 69, 70, 86, 98, 105, 108, 131, 160, 178, 180, 183, 290, 313, 317, 340",,,21,25,3,170,170,2,19,16.86619,96.142611,14,b8743cdc-c95b-4a58-ab4e-5d812569bbe2,1598151582284,NanThidaPhyo1,1600776850312,NanThidaPhyo1
FID,FID,true,GlobalID,212003,215947,esriGeometryPoint,102100,3857,Latitude,esriFieldTypeDouble,Latitude,sqlTypeFloat,,,256,true,6,Yangon Region,Mingalartaungnyunt Township,"5, 10,  929",,,10,9,3,141,141,4,1,16.788908,96.167859,6,890e2530-a0eb-4d65-a700-746aed1335f2,1598151582284,NanThidaPhyo1,1600776770669,NanThidaPhyo1
FID,FID,true,GlobalID,212003,215947,esriGeometryPoint,102100,3857,Longitude,esriFieldTypeDouble,Longitude,sqlTypeFloat,,,256,true,29,Yangon Region,Dagon Myothit (South) Township,"85, 215, 216, 217, 218, 219, 220, 221, 222, 223, 224, 251, 261, 300, 301, 737",,,14,12,2,132,134,1,15,16.84016,96.22582,29,d877b00f-9bcd-4c0d-a9f6-79d515630e19,1598151582284,NanThidaPhyo1,1600776966393,NanThidaPhyo1
FID,FID,true,GlobalID,212003,215947,esriGeometryPoint,102100,3857,FID,esriFieldTypeOID,FID,sqlTypeInteger,,,256,true,35,Yangon Region,Kamaryut Township,"103, 104, 139, 146, 308, 309, 310, 311, 312, 314, 315, 316, 332, 333, 334, 335, 336, 370, 380, 381, 382, 383, 384, 385, 386, 387, 388, 389, 390, 391, 392, 393, 466, 735",,,36,16,2,129,131,1,27,16.827684,96.132439,35,18eb7628-03f1-4804-b282-9705b6e2e6ce,1598151582284,NanThidaPhyo1,1600777058648,NanThidaPhyo1
FID,FID,true,GlobalID,212003,215947,esriGeometryPoint,102100,3857,GlobalID,esriFieldTypeGlobalID,GlobalID,sqlTypeOther,,,38,true,76,Rakhine State,Kyaukpyu Township,"479, 480, 481, 505, 603, 604, 605, 650, 651, 739, 777, 778, 779",,,51,36,3,125,128,1,27,19.4239,93.5544,76,9b4add25-3e4f-4f15-9c12-0e10f693db45,1598369787871,NanThidaPhyo1,1600776445653,NanThidaPhyo1
FID,FID,true,GlobalID,212003,215947,esriGeometryPoint,102100,3857,CreationDate,esriFieldTypeDate,CreationDate,sqlTypeOther,,,8,true,89,Yangon Region,Dala Township,700,,,3,36,1,124,125,1,27,16.75855,96.143,89,2afff0e5-b698-4317-9e4e-711d69c4894d,1598720537065,NanThidaPhyo1,1600777220912,NanThidaPhyo1
FID,FID,true,GlobalID,212003,215947,esriGeometryPoint,102100,3857,Creator,esriFieldTypeString,Creator,sqlTypeOther,,,128,true,134,Yangon Region,Lanmadaw Township,477,,,3,36,1,115,115,1,27,16.77991,96.14234,134,edd04670-8038-4595-8653-5adc9d3a8f53,1599823871956,NanThidaPhyo1,1600777296933,NanThidaPhyo1
FID,FID,true,GlobalID,212003,215947,esriGeometryPoint,102100,3857,EditDate,esriFieldTypeDate,EditDate,sqlTypeOther,,,8,true,21,Yangon Region,Pabedan Township,"39, 65, 66, 67, 68, 95, 133",,,6,5,1,110,111,1,6,16.776983,96.15601,21,9747aacb-f588-440d-a0a3-be4d8064bcdb,1598151582284,NanThidaPhyo1,1600776905484,NanThidaPhyo1
FID,FID,true,GlobalID,212003,215947,esriGeometryPoint,102100,3857,Editor,esriFieldTypeString,Editor,sqlTypeOther,,,128,true,95,Yangon Region,Kyeemyindaing Township,"39, 65, 66, 67, 68, 95, 133",,,5,8,1,110,110,1,6,16.81457,96.12188,95,c589fb98-f560-4428-8035-c61005edb383,1599038617463,NanThidaPhyo1,1600777234154,NanThidaPhyo1
FID,FID,true,GlobalID,212003,215947,esriGeometryPoint,102100,3857,Editor,esriFieldTypeString,Editor,sqlTypeOther,,,128,true,34,Yangon Region,Dagon Myothit (North) Township,"101, 107, 158, 159, 203, 204, 205, 206, 237, 238, 239, 240",,,13,20,3,106,109,1,12,16.87774,96.19079,34,fa3b86c3-f75b-49f7-9b65-66429cd8e773,1598151582284,NanThidaPhyo1,1600777042094,NanThidaPhyo1
FID,FID,true,GlobalID,212003,215947,esriGeometryPoint,102100,3857,Editor,esriFieldTypeString,Editor,sqlTypeOther,,,128,true,41,Yangon Region,Dagon Township,"138, 361",,,7,7,3,105,105,1,2,16.794952,96.1469,41,16795a7f-5d11-41e9-8511-39d74d8ebbf0,1598151582284,NanThidaPhyo1,1600777134794,NanThidaPhyo1
FID,FID,true,GlobalID,212003,215947,esriGeometryPoint,102100,3857,Editor,esriFieldTypeString,Editor,sqlTypeOther,,,128,true,63,Mon State,Mawlamyine Township,"287, 482",,,10,10,3,104,104,1,1,16.48459,97.62593,63,307a0981-e972-42cc-b3e6-70080dd390cd,1598151582284,NanThidaPhyo1,1600776188220,NanThidaPhyo1
FID,FID,true,GlobalID,212003,215947,esriGeometryPoint,102100,3857,Editor,esriFieldTypeString,Editor,sqlTypeOther,,,128,true,3,Yangon Region,Botahtaung Township,"21, 22, 106, 110, 125, 208, 209, 210, 211, 212, 213, 214, 241, 252, 253, 254, 255, 256, 257, 258, 259, 260",,,18,21,2,96,98,1,21,16.771967,96.169709,3,a560b846-9d61-45b4-a258-d3f912968fb4,1598151582284,NanThidaPhyo1,1600689867811,NanThidaPhyo1
FID,FID,true,GlobalID,212003,215947,esriGeometryPoint,102100,3857,Editor,esriFieldTypeString,Editor,sqlTypeOther,,,128,true,20,Yangon Region,Shwepyithar Township,"33, 57, 60, 772, 773, 774",,,1,4,2,97,97,1,3,16.95504,96.08329,20,967fbedd-9342-4e89-9629-7ebd4f47aab0,1598151582284,NanThidaPhyo1,1600776895387,NanThidaPhyo1
FID,FID,true,GlobalID,212003,215947,esriGeometryPoint,102100,3857,Editor,esriFieldTypeString,Editor,sqlTypeOther,,,128,true,26,Yangon Region,Sanchaung Township,"77, 92, 631, 632",,,19,5,2,82,82,1,2,16.803809,96.137291,26,6dabfeaf-a2f0-4015-9c2a-78badebc7888,1598151582284,NanThidaPhyo1,1600776932399,NanThidaPhyo1
FID,FID,true,GlobalID,212003,215947,esriGeometryPoint,102100,3857,Editor,esriFieldTypeString,Editor,sqlTypeOther,,,128,true,83,Yangon Region,Yankin Township, 599,,,8,6,2,81,81,1,2,16.83601,96.1624,83,9ab84934-efbd-423b-828c-d1353bb18ab2,1598627905026,NanThidaPhyo1,1600777191020,NanThidaPhyo1
FID,FID,true,GlobalID,212003,215947,esriGeometryPoint,102100,3857,Editor,esriFieldTypeString,Editor,sqlTypeOther,,,128,true,8,Yangon Region,Bahan Township,"8, 15, 25, 28, 40, 42, 46, 71, 79, 347",,,12,7,2,77,77,1,10,16.815427,96.156112,8,cffab712-a9a2-4573-acb4-bb56cae55f48,1598151582284,NanThidaPhyo1,1600776782510,NanThidaPhyo1
FID,FID,true,GlobalID,212003,215947,esriGeometryPoint,102100,3857,Editor,esriFieldTypeString,Editor,sqlTypeOther,,,128,true,28,Yangon Region,Pazundaung Township,"83, 771",,,11,7,1,71,72,2,1,16.779648,96.174392,28,3b4207ec-e75b-459e-a0eb-9e5d9692d2ae,1598151582284,NanThidaPhyo1,1600776945710,NanThidaPhyo1
FID,FID,true,GlobalID,212003,215947,esriGeometryPoint,102100,3857,Editor,esriFieldTypeString,Editor,sqlTypeOther,,,128,true,96,Yangon Region,Thanlyin Township,"83, 771",,,3,3,1,68,69,1,1,16.76378,96.25184,96,37a1acfe-a5fd-4751-aace-a911e342dc63,1599038617463,NanThidaPhyo1,1600777248226,NanThidaPhyo1
FID,FID,true,GlobalID,212003,215947,esriGeometryPoint,102100,3857,Editor,esriFieldTypeString,Editor,sqlTypeOther,,,128,true,111,Bago Region,Kawa Township,"83, 771",,,10,8,3,65,68,1,1,17.08967,96.46632,111,91883825-9330-4666-979b-d79bf5f61219,1599311207318,NanThidaPhyo1,1600775793419,NanThidaPhyo1
FID,FID,true,GlobalID,212003,215947,esriGeometryPoint,102100,3857,Editor,esriFieldTypeString,Editor,sqlTypeOther,,,128,true,36,Yangon Region,Dagon Myothit (East) Township,"120, 142",,,6,5,1,63,64,1,2,16.912805,96.213226,36,aadd0d2d-d2af-434e-9d1a-b5aaf03f33e3,1598151582284,NanThidaPhyo1,1600777073867,NanThidaPhyo1
FID,FID,true,GlobalID,212003,215947,esriGeometryPoint,102100,3857,Editor,esriFieldTypeString,Editor,sqlTypeOther,,,128,true,39,Yangon Region,Kyauktada Township,"135, 136, 322, 323, 324, 629, 630",,,6,11,2,60,62,1,3,16.778186,96.160926,39,8c21f586-bbd4-4a2b-90f0-7fd1d8645966,1598151582284,NanThidaPhyo1,1600777101708,NanThidaPhyo1
FID,FID,true,GlobalID,212003,215947,esriGeometryPoint,102100,3857,Editor,esriFieldTypeString,Editor,sqlTypeOther,,,128,true,92,Mandalay Region,Myingyan Township,"135, 136, 322, 323, 324, 629, 630",,,23,14,2,58,60,1,3,21.45745,95.39179,92,dc40531d-0786-44d5-9561-43f9b4839ac1,1598957706542,NanThidaPhyo1,1600604058474,NanThidaPhyo1
FID,FID,true,GlobalID,212003,215947,esriGeometryPoint,102100,3857,Editor,esriFieldTypeString,Editor,sqlTypeOther,,,128,true,73,Rakhine State,Mrauk-U Township,"408, 440, 441, 507, 508, 509, 510, 511, 517, 518, 574, 581, 582, 853, 653, 654, 655, 656",,,8,11,3,53,56,1,3,20.59185,93.18844,73,df83cfae-b5a6-4d32-b02b-5394b12fb3ba,1598151582284,NanThidaPhyo1,1600776429518,NanThidaPhyo1
FID,FID,true,GlobalID,212003,215947,esriGeometryPoint,102100,3857,Editor,esriFieldTypeString,Editor,sqlTypeOther,,,128,true,33,Yangon Region,Dawbon Township,"99, 100",,,6,4,3,55,55,1,2,16.781917,96.18435,33,cc255fe5-b270-45fd-ae84-1dc31109be88,1598151582284,NanThidaPhyo1,1600777015251,NanThidaPhyo1
FID,FID,true,GlobalID,212003,215947,esriGeometryPoint,102100,3857,Editor,esriFieldTypeString,Editor,sqlTypeOther,,,128,true,58,Rakhine State,Maungdaw Township,"234, 244, 247, 248, 263, 291, 293, 325, 326, 348, 557, 558, 559, 560, 561, 562, 563, 564, 565, 566, 567, 568, 569, 622, 623, 624, 625, 626, 627",,,17,16,3,54,54,1,10,20.81897,92.36776,58,acf9da31-9ac4-4b02-9ded-65a6e1132c4b,1598151582284,NanThidaPhyo1,1600776368785,NanThidaPhyo1
FID,FID,true,GlobalID,212003,215947,esriGeometryPoint,102100,3857,Editor,esriFieldTypeString,Editor,sqlTypeOther,,,128,true,7,Naypyitaw,Za Bu Thi Ri Township,7,,,4,5,3,52,52,1,1,19.76867364,96.07260872,7,496a3f0d-d24b-4bbc-9e32-1084e1cbeb99,1598151582284,NanThidaPhyo1,1600776313994,NanThidaPhyo1
FID,FID,true,GlobalID,212003,215947,esriGeometryPoint,102100,3857,Editor,esriFieldTypeString,Editor,sqlTypeOther,,,128,true,25,Yangon Region,Ahlone Township,"76, 181",,,3,6,2,49,51,1,2,16.782398,96.127863,25,d93f1c4e-bfe2-4142-a850-46bcb96de651,1598151582284,NanThidaPhyo1,1600776917409,NanThidaPhyo1
FID,FID,true,GlobalID,212003,215947,esriGeometryPoint,102100,3857,Editor,esriFieldTypeString,Editor,sqlTypeOther,,,128,true,75,Yangon Region,Latha Township,"76, 181",,,1,6,2,51,51,1,2,16.77712,96.15053,75,57badd8a-7c20-472d-908d-3d34762d0ca1,1598369787871,NanThidaPhyo1,1600777179018,NanThidaPhyo1
FID,FID,true,GlobalID,212003,215947,esriGeometryPoint,102100,3857,Editor,esriFieldTypeString,Editor,sqlTypeOther,,,128,true,54,Ayeyarwady Region,Pathein Township,"191, 207",,,2,1,2,48,48,1,2,16.77924,94.73303,54,dd53443b-4fb4-40f5-919a-a134e9f76d1e,1598151582284,NanThidaPhyo1,1600775688496,NanThidaPhyo1
FID,FID,true,GlobalID,212003,215947,esriGeometryPoint,102100,3857,Editor,esriFieldTypeString,Editor,sqlTypeOther,,,128,true,77,Rakhine State,Pauktaw Township,"483, 484, 485, 486, 487, 488, 489, 490, 491, 492, 493, 494, 526, 628, 764, 765, 766",,,22,18,5,41,46,1,2,20.18098,93.06817,77,f8e16fcd-8b9d-43cd-953b-454f5e0e3a41,1598369787871,NanThidaPhyo1,1600776459760,NanThidaPhyo1
FID,FID,true,GlobalID,212003,215947,esriGeometryPoint,102100,3857,Editor,esriFieldTypeString,Editor,sqlTypeOther,,,128,true,71,Yangon Region,Twantay Township,352,,,1,2,5,43,43,1,1,16.70734,95.93047,71,fb68d4c8-2482-4abe-8504-42a206d5792e,1598151582284,NanThidaPhyo1,1600777164101,NanThidaPhyo1
FID,FID,true,GlobalID,212003,215947,esriGeometryPoint,102100,3857,Editor,esriFieldTypeString,Editor,sqlTypeOther,,,128,true,85,Yangon Region,Dagon Myothit (Seikkan),633,,,3,3,5,43,43,1,1,16.84049,96.27256,85,a27206b5-71e8-4eaf-aba1-ef0612e30bed,1598627905026,NanThidaPhyo1,1600777205369,NanThidaPhyo1
FID,FID,true,GlobalID,212003,215947,esriGeometryPoint,102100,3857,Editor,esriFieldTypeString,Editor,sqlTypeOther,,,128,true,78,Rakhine State,Minbya Township,"512, 513, 514, 515, 516, 751, 752, 753, 770",,,13,13,4,34,38,1,1,20.36452,93.27269,78,d051bde1-3f02-498d-a6f4-548a65d75fdc,1598430999979,NanThidaPhyo1,1600776473115,NanThidaPhyo1
FID,FID,true,GlobalID,212003,215947,esriGeometryPoint,102100,3857,Editor,esriFieldTypeString,Editor,sqlTypeOther,,,128,true,68,Rakhine State,Kyauktaw Township,"339, 570, 571, 572, 573, 575, 576, 646, 750, 787",,,16,11,1,36,37,1,1,20.84396,92.97282,68,f0a4e69d-378e-4e88-95ea-35ac24c405a4,1598151582284,NanThidaPhyo1,1600776415001,NanThidaPhyo1
FID,FID,true,GlobalID,212003,215947,esriGeometryPoint,102100,3857,Editor,esriFieldTypeString,Editor,sqlTypeOther,,,128,true,171,Mon State,Bilin Township,"339, 570, 571, 572, 573, 575, 576, 646, 750, 787",,,16,11,1,34,34,1,1,17.21987,97.23931,171,80eea62b-cb3b-4639-a2ef-96d2378a1626,1600258428868,NanThidaPhyo1,1600605226891,NanThidaPhyo1
FID,FID,true,GlobalID,212003,215947,esriGeometryPoint,102100,3857,Editor,esriFieldTypeString,Editor,sqlTypeOther,,,128,true,120,Yangon Region,Kawhmu Township,"339, 570, 571, 572, 573, 575, 576, 646, 750, 787",,,5,1,1,31,31,1,1,16.54616,96.06195,120,8ee0211d-1026-45b5-8bdf-f9594ded9018,1599488317145,NanThidaPhyo1,1600690828492,NanThidaPhyo1
FID,FID,true,GlobalID,212003,215947,esriGeometryPoint,102100,3857,Editor,esriFieldTypeString,Editor,sqlTypeOther,,,128,true,113,Ayeyarwady Region,Pyapon Township,"339, 570, 571, 572, 573, 575, 576, 646, 750, 787",,,2,4,1,29,29,1,1,16.29161,95.68019,113,fa476eab-fcd1-43a4-8d87-443301711ac7,1599388251406,NanThidaPhyo1,1600775725868,NanThidaPhyo1
FID,FID,true,GlobalID,212003,215947,esriGeometryPoint,102100,3857,Editor,esriFieldTypeString,Editor,sqlTypeOther,,,128,true,62,Rakhine State,Buthidaung Township,"250, 262, 467, 468, 469, 470, 585, 586",,,6,4,1,28,28,1,3,20.87498,92.525,62,034fce33-b341-4222-93df-342be62e4204,1598151582284,NanThidaPhyo1,1600776388396,NanThidaPhyo1
FID,FID,true,GlobalID,212003,215947,esriGeometryPoint,102100,3857,Editor,esriFieldTypeString,Editor,sqlTypeOther,,,128,true,80,Rakhine State,Myebon Township,"520, 521, 522, 523, 524, 525, 644",,,8,15,3,25,28,1,3,20.04676,93.37376,80,611cfcd1-4e34-494a-9b51-af7249f0f292,1598430999979,NanThidaPhyo1,1600690980259,NanThidaPhyo1
FID,FID,true,GlobalID,212003,215947,esriGeometryPoint,102100,3857,Editor,esriFieldTypeString,Editor,sqlTypeOther,,,128,true,50,Kayin State,Hpa-An Township,"186, 187, 264, 265, 266, 267, 268, 269, 270, 271, 272, 273, 274, 275, 276, 277, 278, 279, 280, 281, 282, 283, 284, 285, 286, 294",,,21,5,3,27,27,1,26,16.88076,97.63691,50,bc6becb0-e669-46a0-b6fd-4afb4bbff6c5,1598151582284,NanThidaPhyo1,1600605606874,NanThidaPhyo1
FID,FID,true,GlobalID,212003,215947,esriGeometryPoint,102100,3857,Editor,esriFieldTypeString,Editor,sqlTypeOther,,,128,true,101,Bago Region,Daik-U Township,"186, 187, 264, 265, 266, 267, 268, 269, 270, 271, 272, 273, 274, 275, 276, 277, 278, 279, 280, 281, 282, 283, 284, 285, 286, 294",,,14,10,3,27,27,1,26,17.78967,96.66969,101,189ca369-58b1-4a16-88e6-9268ad854449,1599123002146,NanThidaPhyo1,1600691606849,NanThidaPhyo1
FID,FID,true,GlobalID,212003,215947,esriGeometryPoint,102100,3857,Editor,esriFieldTypeString,Editor,sqlTypeOther,,,128,true,67,Mandalay Region,Amarapura Township,338,,,2,10,3,26,26,1,1,21.90314,96.04948,67,bf1fc327-7c58-41c9-b4d0-ab7b5d916250,1598151582284,NanThidaPhyo1,1600691423355,NanThidaPhyo1
FID,FID,true,GlobalID,212003,215947,esriGeometryPoint,102100,3857,Editor,esriFieldTypeString,Editor,sqlTypeOther,,,128,true,47,Yangon Region,Kyauktan Township,161,,,1,10,3,23,23,1,1,16.63393,96.32351,47,e03f8111-fbc8-4261-84fd-9335a74d8446,1598151582284,NanThidaPhyo1,1600777149233,NanThidaPhyo1
FID,FID,true,GlobalID,212003,215947,esriGeometryPoint,102100,3857,Editor,esriFieldTypeString,Editor,sqlTypeOther,,,128,true,81,Mandalay Region,Chanayethazan Township,"587,987,988",,,1,1,3,21,21,1,1,21.97535,96.0946,81,17bd21c1-7965-41c3-963d-ea07971d17e8,1598536946665,NanThidaPhyo1,1600775982638,NanThidaPhyo1
FID,FID,true,GlobalID,212003,215947,esriGeometryPoint,102100,3857,Editor,esriFieldTypeString,Editor,sqlTypeOther,,,128,true,137,Ayeyarwady Region,Maubin Township,"587,987,988",,,1,3,3,21,21,1,1,16.73023,95.6494,137,8f4d8377-a7b1-44ff-b2eb-dd89cce46419,1599826031842,NanThidaPhyo1,1600691295103,NanThidaPhyo1
FID,FID,true,GlobalID,212003,215947,esriGeometryPoint,102100,3857,Editor,esriFieldTypeString,Editor,sqlTypeOther,,,128,true,79,Rakhine State,Ponnagyun Township,"519, 762, 763, 782, 783, 784, 785",,,11,7,1,19,20,1,1,20.33199,93.0043,79,bcee516d-c2b2-4d51-9190-c0c342be82e2,1598430999979,NanThidaPhyo1,1600776492540,NanThidaPhyo1
FID,FID,true,GlobalID,212003,215947,esriGeometryPoint,102100,3857,Editor,esriFieldTypeString,Editor,sqlTypeOther,,,128,true,135,Yangon Region,Seikgyikanaungto Township,"519, 762, 763, 782, 783, 784, 785",,,11,1,1,20,20,1,1,16.75779,96.11637,135,7abab0c2-5b3c-41d8-a14a-00019f5552ee,1599824856148,NanThidaPhyo1,1600777311583,NanThidaPhyo1
FID,FID,true,GlobalID,212003,215947,esriGeometryPoint,102100,3857,Editor,esriFieldTypeString,Editor,sqlTypeOther,,,128,true,19,Yangon Region,Hlegu Township,"32, 302, 303, 327, 354, 355",,,6,3,1,19,19,1,6,17.09875,96.22745,19,edb1675b-2811-42c5-8fb8-7e357a4a0302,1598151582284,NanThidaPhyo1,1600776873833,NanThidaPhyo1
FID,FID,true,GlobalID,212003,215947,esriGeometryPoint,102100,3857,Editor,esriFieldTypeString,Editor,sqlTypeOther,,,128,true,104,Mandalay Region,Mahaaungmyay Township,"32, 302, 303, 327, 354, 355",,,6,1,1,19,19,1,6,21.97535,96.0946,104,24abaa29-eb27-480b-9615-897a7f6302dc,1599239929376,NanThidaPhyo1,1600775997699,NanThidaPhyo1
FID,FID,true,GlobalID,212003,215947,esriGeometryPoint,102100,3857,Editor,esriFieldTypeString,Editor,sqlTypeOther,,,128,true,52,Magway Region,Magway Township,189,,,2,1,1,16,16,1,1,20.14027,94.92696,52,8a1af176-7f3c-4173-93fc-acc8014553c0,1598151582284,NanThidaPhyo1,1600691667380,NanThidaPhyo1
FID,FID,true,GlobalID,212003,215947,esriGeometryPoint,102100,3857,Editor,esriFieldTypeString,Editor,sqlTypeOther,,,128,true,65,Bago Region,Bago Township,304,,,1,1,1,16,16,1,1,17.33583,96.48389,65,35e536e3-34de-469e-9b19-e5a761b8cf7c,1598151582284,NanThidaPhyo1,1600837699917,NanThidaPhyo1
FID,FID,true,GlobalID,212003,215947,esriGeometryPoint,102100,3857,Editor,esriFieldTypeString,Editor,sqlTypeOther,,,128,true,2,Yangon Region,Hmawbi Township,2,,,2,1,1,13,13,1,1,17.09987,96.0418,2,0a280adb-077f-439a-845f-8ffd948ee077,1598151582284,NanThidaPhyo1,1600690709651,NanThidaPhyo1
FID,FID,true,GlobalID,212003,215947,esriGeometryPoint,102100,3857,Editor,esriFieldTypeString,Editor,sqlTypeOther,,,128,true,24,Sagaing Region,Kale Township,"74, 88, 114, 115, 116, 117",,,4,3,1,11,12,1,6,23.1933,94.02977,24,bd3b361e-244e-49da-8b73-7055c7ba0057,1598151582284,NanThidaPhyo1,1600776543206,NanThidaPhyo1
FID,FID,true,GlobalID,212003,215947,esriGeometryPoint,102100,3857,Editor,esriFieldTypeString,Editor,sqlTypeOther,,,128,true,125,Yangon Region,Kayan Township,"74, 88, 114, 115, 116, 117",,,1,1,1,12,12,1,6,16.90544,96.5605,125,24d5188d-2319-4811-9591-d1dc038010a2,1599627547680,NanThidaPhyo1,1600690798178,NanThidaPhyo1
FID,FID,true,GlobalID,212003,215947,esriGeometryPoint,102100,3857,Editor,esriFieldTypeString,Editor,sqlTypeOther,,,128,true,145,Ayeyarwady Region,Kyaunggon Township,"74, 88, 114, 115, 116, 117",,,1,1,1,12,12,1,6,17.10768,95.1904,145,4982df18-ee8a-434e-9f34-e5cb9ca49ed2,1599898835747,NanThidaPhyo1,1600511295978,NanThidaPhyo1
FID,FID,true,GlobalID,212003,215947,esriGeometryPoint,102100,3857,Editor,esriFieldTypeString,Editor,sqlTypeOther,,,128,true,153,Yangon Region,Kungyangon Township,"74, 88, 114, 115, 116, 117",,,1,1,1,12,12,1,6,16.4394,96.0119,153,86659d31-27d9-4ae8-9d42-a2f62aed0f98,1599999247614,NanThidaPhyo1,1600690783104,NanThidaPhyo1
FID,FID,true,GlobalID,212003,215947,esriGeometryPoint,102100,3857,Editor,esriFieldTypeString,Editor,sqlTypeOther,,,128,true,107,Naypyitaw,Det Khi Na Thi Ri Township,"74, 88, 114, 115, 116, 117",,,5,1,1,11,11,1,6,19.70026,96.0905,107,4a2de403-cfba-4ba9-99e9-f27937ad63ce,1599311207318,NanThidaPhyo1,1600776326817,NanThidaPhyo1
FID,FID,true,GlobalID,212003,215947,esriGeometryPoint,102100,3857,Editor,esriFieldTypeString,Editor,sqlTypeOther,,,128,true,166,Bago Region,Kyauktaga Township,"74, 88, 114, 115, 116, 117",,,5,1,1,11,11,1,6,18.15867,96.61391,166,596b5eb8-63e0-4318-b8d8-cd2c76b894ca,1600176427931,NanThidaPhyo1,1600775845796,NanThidaPhyo1
FID,FID,true,GlobalID,212003,215947,esriGeometryPoint,102100,3857,Editor,esriFieldTypeString,Editor,sqlTypeOther,,,128,true,51,Rakhine State,Thandwe Township,"188, 443, 444, 635, 636, 637, 638, 639, 640",,,10,1,1,10,10,1,1,16.88076,97.63691,51,e060acac-76ce-443c-b4bf-5be0bd04ad50,1598151582284,NanThidaPhyo1,1599388631123,NanThidaPhyo1
FID,FID,true,GlobalID,212003,215947,esriGeometryPoint,102100,3857,Editor,esriFieldTypeString,Editor,sqlTypeOther,,,128,true,100,Mon State,Kyaikto Township,"188, 443, 444, 635, 636, 637, 638, 639, 640",,,1,1,1,10,10,1,1,17.31156,97.01989,100,b66db156-5738-4774-9d74-0863d969784c,1599123002146,NanThidaPhyo1,1600605253137,NanThidaPhyo1
FID,FID,true,GlobalID,212003,215947,esriGeometryPoint,102100,3857,Editor,esriFieldTypeString,Editor,sqlTypeOther,,,128,true,133,Mandalay Region,Patheingyi Township,"188, 443, 444, 635, 636, 637, 638, 639, 640",,,1,1,1,10,10,1,1,22.00399,96.16465,133,c4946d7e-7c8c-4a5e-be0d-e4642886dbf9,1599823871956,NanThidaPhyo1,1600691358251,NanThidaPhyo1
FID,FID,true,GlobalID,212003,215947,esriGeometryPoint,102100,3857,Editor,esriFieldTypeString,Editor,sqlTypeOther,,,128,true,156,Tanintharyi Region,Myeik Township,"188, 443, 444, 635, 636, 637, 638, 639, 640",,,1,1,1,10,10,1,1,12.44112,98.60978,156,54e26331-96be-4831-8d99-20c775910a89,1599999247614,NanThidaPhyo1,1600512024014,NanThidaPhyo1
FID,FID,true,GlobalID,212003,215947,esriGeometryPoint,102100,3857,Editor,esriFieldTypeString,Editor,sqlTypeOther,,,128,true,53,Rakhine State,Toungup Township,"190, 642, 643",,,6,2,1,8,9,1,1,18.85353,94.23972,53,89c9a048-7d7c-4b84-96a2-0992ded9814b,1598151582284,NanThidaPhyo1,1599997701697,NanThidaPhyo1
FID,FID,true,GlobalID,212003,215947,esriGeometryPoint,102100,3857,Editor,esriFieldTypeString,Editor,sqlTypeOther,,,128,true,127,Kachin State,Hpakant Township,"190, 642, 643",,,1,2,1,9,9,1,1,25.6128,96.31212,127,6d4381aa-e408-439a-9123-e8a0297b3df3,1599718393528,NanThidaPhyo1,1600511573942,NanThidaPhyo1
FID,FID,true,GlobalID,212003,215947,esriGeometryPoint,102100,3857,Editor,esriFieldTypeString,Editor,sqlTypeOther,,,128,true,1,Chin State,Tedim Township,"1, 23, 31, 78, 113, 200, 201, 341",224383,11757,4,4,1,8,8,1,8,23.37058,93.65619,1,a95fa713-6777-4368-8f35-64aec1dedf64,1598151582284,NanThidaPhyo1,1600696202656,NanThidaPhyo1
FID,FID,true,GlobalID,212003,215947,esriGeometryPoint,102100,3857,Editor,esriFieldTypeString,Editor,sqlTypeOther,,,128,true,5,Mandalay Region,Chanmyathazi Township,"4, 657",224383,11757,2,1,1,8,8,1,1,21.939404,96.095838,5,b4e7e0c8-9b38-4b72-ade5-8d92017b00f3,1598151582284,NanThidaPhyo1,1600775966924,NanThidaPhyo1
FID,FID,true,GlobalID,212003,215947,esriGeometryPoint,102100,3857,Editor,esriFieldTypeString,Editor,sqlTypeOther,,,128,true,66,Chin State,Tonzang Township,"318, 344, 345, 357, 358, 359, 442",224383,11757,7,1,1,6,7,1,4,23.60306,93.69175,66,d5c4ff07-6283-4a59-8396-6f03610503cd,1598151582284,NanThidaPhyo1,1599313662509,NanThidaPhyo1
FID,FID,true,GlobalID,212003,215947,esriGeometryPoint,102100,3857,Editor,esriFieldTypeString,Editor,sqlTypeOther,,,128,true,93,Naypyitaw,Poke Ba Thi Ri Township,"318, 344, 345, 357, 358, 359, 442",224383,11757,3,1,1,7,7,1,4,19.84383,96.18252,93,3212f2bf-cfcd-41da-b96e-b864bb8ba3e7,1598957706542,NanThidaPhyo1,1600691529823,NanThidaPhyo1
FID,FID,true,GlobalID,212003,215947,esriGeometryPoint,102100,3857,Editor,esriFieldTypeString,Editor,sqlTypeOther,,,128,true,110,Naypyitaw,Oke Ta Ra Thi Ri Township,"318, 344, 345, 357, 358, 359, 442",224383,11757,2,1,1,7,7,1,4,19.891,96.043,110,41195b30-bd8c-4150-a9f1-da0be7627225,1599311207318,NanThidaPhyo1,1600511838238,NanThidaPhyo1
FID,FID,true,GlobalID,212003,215947,esriGeometryPoint,102100,3857,Editor,esriFieldTypeString,Editor,sqlTypeOther,,,128,true,128,Bago Region,Monyo Township,"318, 344, 345, 357, 358, 359, 442",224383,11757,2,1,1,7,7,1,4,18.02719,95.51185,128,67930fb8-11b3-40d6-8872-0326410d85a7,1599718393528,NanThidaPhyo1,1600605334875,NanThidaPhyo1
FID,FID,true,GlobalID,212003,215947,esriGeometryPoint,102100,3857,Editor,esriFieldTypeString,Editor,sqlTypeOther,,,128,true,152,Yangon Region,Htantabin Township,"318, 344, 345, 357, 358, 359, 442",224383,11757,2,1,1,7,7,1,4,17.0174,95.9827,152,d018ffbc-9d88-477a-b01c-78c180b0dc83,1599999247614,NanThidaPhyo1,1600690817516,NanThidaPhyo1
FID,FID,true,GlobalID,212003,215947,esriGeometryPoint,102100,3857,Editor,esriFieldTypeString,Editor,sqlTypeOther,,,128,true,18,Bago Region,Pyay Township,"30, 118, 119",224383,11757,2,3,1,6,6,1,3,18.82151,95.22103,18,4473dc6a-ec1b-4c48-a4ff-9fb46f0f876d,1598151582284,NanThidaPhyo1,1600775756599,NanThidaPhyo1
FID,FID,true,GlobalID,212003,215947,esriGeometryPoint,102100,3857,Editor,esriFieldTypeString,Editor,sqlTypeOther,,,128,true,109,Naypyitaw,Pyinmana Township,"30, 118, 119",224383,11757,1,3,1,6,6,1,3,19.7361,96.20895,109,5c7658bd-c2dc-4519-be69-656b8d85e284,1599311207318,NanThidaPhyo1,1600776337153,NanThidaPhyo1
FID,FID,true,GlobalID,212003,215947,esriGeometryPoint,102100,3857,Editor,esriFieldTypeString,Editor,sqlTypeOther,,,128,true,139,Yangon Region,Thongwa Township,"30, 118, 119",224383,11757,1,3,1,6,6,1,3,16.7586,96.52309,139,8ff981a6-133e-4235-ad1e-675e07c6742c,1599889879073,NanThidaPhyo1,1600690807922,NanThidaPhyo1
FID,FID,true,GlobalID,212003,215947,esriGeometryPoint,102100,3857,Editor,esriFieldTypeString,Editor,sqlTypeOther,,,128,true,154,Mon State,Thaton Township,"30, 118, 119",224383,11757,1,3,1,6,6,1,3,16.9197,97.3678,154,cf699020-a188-4928-bb5f-257e55018e1e,1599999247614,NanThidaPhyo1,1600605261092,NanThidaPhyo1
FID,FID,true,GlobalID,212003,215947,esriGeometryPoint,102100,3857,Editor,esriFieldTypeString,Editor,sqlTypeOther,,,128,true,176,Bago Region,Thanatpin Township,"30, 118, 119",224383,11757,1,3,1,6,6,1,3,17.28903,96.57664,182,52f0a25a-919e-4098-b6a4-a3d7bdc0830b,1600439531272,NanThidaPhyo1,1600691627149,NanThidaPhyo1
FID,FID,true,GlobalID,212003,215947,esriGeometryPoint,102100,3857,Editor,esriFieldTypeString,Editor,sqlTypeOther,,,128,true,72,Tanintharyi Region,Kawthoung Township,"353, 747, 748, 749",224383,11757,4,3,1,5,5,1,1,9.98261,98.54995,72,12bde8df-ed8f-4268-83b4-0091f4a0bc28,1598151582284,NanThidaPhyo1,1600512044681,NanThidaPhyo1
FID,FID,true,GlobalID,212003,215947,esriGeometryPoint,102100,3857,Editor,esriFieldTypeString,Editor,sqlTypeOther,,,128,true,94,Rakhine State,Rathedaung Township,"353, 747, 748, 749",224383,11757,1,3,1,5,5,1,1,20.48215363,92.75605687,94,c4aebd08-7512-41b1-b6d2-f43b528a6c9d,1598957706542,NanThidaPhyo1,1600776507771,NanThidaPhyo1
FID,FID,true,GlobalID,212003,215947,esriGeometryPoint,102100,3857,Editor,esriFieldTypeString,Editor,sqlTypeOther,,,128,true,97,Bago Region,Waw Township,"353, 747, 748, 749",224383,11757,1,5,2,3,5,1,1,17.4836,96.68234,97,e3ae6064-d5d1-464f-8b47-c3848656729f,1599038617463,NanThidaPhyo1,1600837720734,NanThidaPhyo1
FID,FID,true,GlobalID,212003,215947,esriGeometryPoint,102100,3857,Editor,esriFieldTypeString,Editor,sqlTypeOther,,,128,true,103,Mon State,Mudon Township,"353, 747, 748, 749",224383,11757,1,5,2,5,5,1,1,16.25812,97.72478,103,5593d95c-3e54-437f-9bb5-8be2e4fd2b6b,1599239929376,NanThidaPhyo1,1600776199564,NanThidaPhyo1
FID,FID,true,GlobalID,212003,215947,esriGeometryPoint,102100,3857,Editor,esriFieldTypeString,Editor,sqlTypeOther,,,128,true,119,Mandalay Region,Thazi Township,"353, 747, 748, 749",224383,11757,1,5,2,5,5,1,1,20.85019,96.05838,119,e3caf51d-df35-41c3-b886-0e6c3291bfe6,1599488317145,NanThidaPhyo1,1599716519307,NanThidaPhyo1
FID,FID,true,GlobalID,212003,215947,esriGeometryPoint,102100,3857,Editor,esriFieldTypeString,Editor,sqlTypeOther,,,128,true,131,Magway Region,Natmauk Township,"353, 747, 748, 749",224383,11757,3,5,2,5,5,1,1,20.35339,95.39966,131,83184d2e-9104-405b-ac33-5281567a0fd8,1599823871956,NanThidaPhyo1,1600691698895,NanThidaPhyo1
FID,FID,true,GlobalID,212003,215947,esriGeometryPoint,102100,3857,Editor,esriFieldTypeString,Editor,sqlTypeOther,,,128,true,136,Ayeyarwady Region,Bogale Township,"353, 747, 748, 749",224383,11757,1,5,2,5,5,1,1,16.295,95.3968,136,6ad6b710-9332-46b9-927d-83c616f58843,1599826031842,NanThidaPhyo1,1600691207721,NanThidaPhyo1
FID,FID,true,GlobalID,212003,215947,esriGeometryPoint,102100,3857,Editor,esriFieldTypeString,Editor,sqlTypeOther,,,128,true,141,Mandalay Region,Pyinoolwin Township,"353, 747, 748, 749",224383,11757,1,5,2,5,5,1,1,22.01397,96.45634,141,276ef537-444a-4f99-bf9c-fee672889ea7,1599889879073,NanThidaPhyo1,1600340012205,NanThidaPhyo1
FID,FID,true,GlobalID,212003,215947,esriGeometryPoint,102100,3857,Editor,esriFieldTypeString,Editor,sqlTypeOther,,,128,true,158,Ayeyarwady Region,Kangyidaunt Township,"353, 747, 748, 749",224383,11757,1,5,2,5,5,1,1,16.9329,94.89476,158,282e86eb-9587-4fa7-8b94-71586545b09f,1599999247614,NanThidaPhyo1,1600691121078,NanThidaPhyo1
FID,FID,true,GlobalID,212003,215947,esriGeometryPoint,102100,3857,Editor,esriFieldTypeString,Editor,sqlTypeOther,,,128,true,168,Mandalay Region,Ngazun Township,"353, 747, 748, 749",224383,11757,1,5,2,5,5,1,1,21.89846,95.68723,168,97262af1-8c8c-4984-9097-dc394e10c42e,1600258428868,NanThidaPhyo1,1600440891623,NanThidaPhyo1
FID,FID,true,GlobalID,212003,215947,esriGeometryPoint,102100,3857,Editor,esriFieldTypeString,Editor,sqlTypeOther,,,128,true,12,Bago Region,Paukkhaung Township,"17, 18, 19, 20",224383,11757,2,2,2,2,4,1,3,18.9028,95.54819,12,4d39707e-79e8-4c58-a587-ad91a4914697,1598151582284,NanThidaPhyo1,1599893168560,NanThidaPhyo1
FID,FID,true,GlobalID,212003,215947,esriGeometryPoint,102100,3857,Editor,esriFieldTypeString,Editor,sqlTypeOther,,,128,true,27,Mandalay Region,Aungmyaythazan Township,82,224383,11757,2,1,2,4,4,1,1,21.993206,96.096861,27,96b900e8-2159-44c3-8902-0215692e35c5,1598151582284,NanThidaPhyo1,1599897228112,NanThidaPhyo1
FID,FID,true,GlobalID,212003,215947,esriGeometryPoint,102100,3857,Editor,esriFieldTypeString,Editor,sqlTypeOther,,,128,true,44,Sagaing Region,Sagaing Township,"145, 235, 236",224383,11757,3,1,2,4,4,1,3,21.88008,95.96231,44,28399434-acec-4d7a-adfc-e07cd03842f0,1598151582284,NanThidaPhyo1,1600776557024,NanThidaPhyo1
FID,FID,true,GlobalID,212003,215947,esriGeometryPoint,102100,3857,Editor,esriFieldTypeString,Editor,sqlTypeOther,,,128,true,56,Chin State,Mindat Township,232,224383,11757,1,1,2,4,4,1,1,21.37176,93.97365,56,bad82e83-b014-4afa-bc82-186fdfdf80ca,1598151582284,NanThidaPhyo1,1600605662735,NanThidaPhyo1
FID,FID,true,GlobalID,212003,215947,esriGeometryPoint,102100,3857,Editor,esriFieldTypeString,Editor,sqlTypeOther,,,128,true,88,Rakhine State,Ann Township,"658, 659",224383,11757,1,2,2,4,4,1,1,19.79537,94.04791,88,508401e6-c095-4b2a-8af2-90571d1ec760,1598720537065,NanThidaPhyo1,1600605193005,NanThidaPhyo1
FID,FID,true,GlobalID,212003,215947,esriGeometryPoint,102100,3857,Editor,esriFieldTypeString,Editor,sqlTypeOther,,,128,true,173,Mandalay Region,Pyigyitagon Township,"658, 659",224383,11757,1,2,2,4,4,1,1,21.90196,96.10418,179,311c06e8-50f7-411a-bf1c-18a243ba8454,1600439531272,NanThidaPhyo1,1600691475105,NanThidaPhyo1
FID,FID,true,GlobalID,212003,215947,esriGeometryPoint,102100,3857,Editor,esriFieldTypeString,Editor,sqlTypeOther,,,128,true,175,Bago Region,Okpho Township,"658, 659",224383,11757,1,2,2,4,4,1,1,18.13022,95.67177,181,dd748c25-2863-4025-80bb-037b3a790d86,1600439531272,NanThidaPhyo1,1600775859104,NanThidaPhyo1
FID,FID,true,GlobalID,212003,215947,esriGeometryPoint,102100,3857,Editor,esriFieldTypeString,Editor,sqlTypeOther,,,128,true,16,Mon State,Kyaikmaraw Township,27,224383,11757,1,1,2,3,3,1,1,16.37045,97.72411,16,aef37da5-d0af-4035-bfc4-344bf31fd3d4,1598151582284,NanThidaPhyo1,1600605270832,NanThidaPhyo1
FID,FID,true,GlobalID,212003,215947,esriGeometryPoint,102100,3857,Editor,esriFieldTypeString,Editor,sqlTypeOther,,,128,true,17,Shan State (South),Taunggyi Township,"29, 121, 652",224383,11757,1,2,2,3,3,1,2,20.77477,97.03598,17,2706d4dc-f9f7-41cf-87a8-21002fddcdc9,1598151582284,NanThidaPhyo1,1598665450329,NanThidaPhyo1
FID,FID,true,GlobalID,212003,215947,esriGeometryPoint,102100,3857,Editor,esriFieldTypeString,Editor,sqlTypeOther,,,128,true,69,Kayin State,Myawaddy Township,"346, 349",224383,11757,1,2,2,3,3,1,2,16.68867758,98.51303563,69,8a55ae79-48c1-4fca-b566-5b17c8730092,1598151582284,NanThidaPhyo1,1600078265831,NanThidaPhyo1
FID,FID,true,GlobalID,212003,215947,esriGeometryPoint,102100,3857,Editor,esriFieldTypeString,Editor,sqlTypeOther,,,128,true,74,Shan State (South),Hsihseng Township,245,224383,11757,1,2,2,3,3,1,1,20.16227,97.2519,74,12deec47-a827-4dcf-aff3-dbc4bb89ed1b,1598151582284,NanThidaPhyo1,1600444442869,NanThidaPhyo1
FID,FID,true,GlobalID,212003,215947,esriGeometryPoint,102100,3857,Editor,esriFieldTypeString,Editor,sqlTypeOther,,,128,true,91,Ayeyarwady Region,Kyangin Township,245,224383,11757,1,2,2,3,3,1,1,18.34035,95.23914,91,3a843c70-5749-4552-9d44-ec5f9b7c3374,1598957706542,NanThidaPhyo1,1599898413458,NanThidaPhyo1
FID,FID,true,GlobalID,212003,215947,esriGeometryPoint,102100,3857,Editor,esriFieldTypeString,Editor,sqlTypeOther,,,128,true,112,Ayeyarwady Region,Ngapudaw Township,245,224383,11757,2,2,2,3,3,1,1,16.5431,94.69224,112,2d418128-e9d9-4f33-ad73-2331603d7f91,1599388251406,NanThidaPhyo1,1600344372451,NanThidaPhyo1
FID,FID,true,GlobalID,212003,215947,esriGeometryPoint,102100,3857,Editor,esriFieldTypeString,Editor,sqlTypeOther,,,128,true,122,Ayeyarwady Region,Einme Township,245,224383,11757,1,2,1,2,3,1,1,16.8962,95.1805,122,b4d06cf6-c2be-4638-8980-08b10e81192a,1599626042924,NanThidaPhyo1,1600837603246,NanThidaPhyo1
FID,FID,true,GlobalID,212003,215947,esriGeometryPoint,102100,3857,Editor,esriFieldTypeString,Editor,sqlTypeOther,,,128,true,142,Shan State (East),Mongyawng Township,245,224383,11757,1,2,1,3,3,1,1,21.1807,100.3579,142,1467443b-8b7f-4cf9-bb99-68c1ea236b6d,1599889879073,NanThidaPhyo1,1599891735190,NanThidaPhyo1
FID,FID,true,GlobalID,212003,215947,esriGeometryPoint,102100,3857,Editor,esriFieldTypeString,Editor,sqlTypeOther,,,128,true,143,Ayeyarwady Region,Wakema Township,245,224383,11757,1,2,1,3,3,1,1,16.60383,95.18041,143,890dd83b-5a4c-4c67-be66-bfb235051139,1599889879073,NanThidaPhyo1,1600262433447,NanThidaPhyo1
FID,FID,true,GlobalID,212003,215947,esriGeometryPoint,102100,3857,Editor,esriFieldTypeString,Editor,sqlTypeOther,,,128,true,155,Bago Region,Phyu Township,245,224383,11757,1,2,1,3,3,1,1,18.48438,96.43572,155,cf75c59d-ff20-4f77-9d26-c7dda0975365,1599999247614,NanThidaPhyo1,1600775818606,NanThidaPhyo1
FID,FID,true,GlobalID,212003,215947,esriGeometryPoint,102100,3857,Editor,esriFieldTypeString,Editor,sqlTypeOther,,,128,true,177,Ayeyarwady Region,Dedaye Township,245,224383,11757,1,2,1,3,3,1,1,16.40806,95.88512,183,fb4876f6-552d-410a-8f97-ba413f644c99,1600439531272,NanThidaPhyo1,1600691180436,NanThidaPhyo1
FID,FID,true,GlobalID,212003,215947,esriGeometryPoint,102100,3857,Editor,esriFieldTypeString,Editor,sqlTypeOther,,,128,true,187,Bago Region,Zigon Township,245,224383,11757,1,2,1,3,3,1,1,18.33846,95.62304,187,0efac0c1-3da0-41c0-a53d-89d742e6c6e8,1600510895761,NanThidaPhyo1,1600511399410,NanThidaPhyo1
FID,FID,true,GlobalID,212003,215947,esriGeometryPoint,102100,3857,Editor,esriFieldTypeString,Editor,sqlTypeOther,,,128,true,190,Bago Region,Letpadan Township,245,224383,11757,1,2,1,3,3,1,1,17.779,95.74529,190,041c431e-0b84-46d2-8125-5cb3bdd3dbca,1600510895761,NanThidaPhyo1,1600775885667,NanThidaPhyo1
FID,FID,true,GlobalID,212003,215947,esriGeometryPoint,102100,3857,Editor,esriFieldTypeString,Editor,sqlTypeOther,,,128,true,22,Magway Region,Myothit Township,53,224383,11757,1,2,1,2,2,1,1,20.19919,95.44692,22,438c343c-f07d-4a28-bdac-d10fa502331b,1598151582284,NanThidaPhyo1,1599996348177,NanThidaPhyo1
FID,FID,true,GlobalID,212003,215947,esriGeometryPoint,102100,3857,Editor,esriFieldTypeString,Editor,sqlTypeOther,,,128,true,31,Shan State (East),Tachileik Township,"96, 112",224383,11757,1,1,1,2,2,1,2,20.45304,99.88403,31,df4fd8ae-78ab-4a40-b0ac-f3244a81a51f,1598151582284,NanThidaPhyo1,1598151582284,NanThidaPhyo1
FID,FID,true,GlobalID,212003,215947,esriGeometryPoint,102100,3857,Editor,esriFieldTypeString,Editor,sqlTypeOther,,,128,true,42,Shan State (North),Muse Township,"143, 231",224383,11757,1,2,1,2,2,1,2,23.98989,97.90165,42,75bde53b-fc65-4d47-b21a-6ddc298ecaa0,1598151582284,NanThidaPhyo1,1598151582284,NanThidaPhyo1
FID,FID,true,GlobalID,212003,215947,esriGeometryPoint,102100,3857,Editor,esriFieldTypeString,Editor,sqlTypeOther,,,128,true,49,Tanintharyi Region,Launglon Township,185,224383,11757,1,2,1,2,2,1,1,13.97522,98.11963,49,286671bf-1003-4163-88d3-342c54181383,1598151582284,NanThidaPhyo1,1600605519726,NanThidaPhyo1
FID,FID,true,GlobalID,212003,215947,esriGeometryPoint,102100,3857,Editor,esriFieldTypeString,Editor,sqlTypeOther,,,128,true,98,Tanintharyi Region,Yebyu Township,185,224383,11757,1,2,1,2,2,1,1,14.24591,98.20291,98,1d643686-8dba-4b39-a42e-2d50b8e2f2cd,1599038617463,NanThidaPhyo1,1600605507972,NanThidaPhyo1
FID,FID,true,GlobalID,212003,215947,esriGeometryPoint,102100,3857,Editor,esriFieldTypeString,Editor,sqlTypeOther,,,128,true,102,Shan State (South),Kalaw Township,185,224383,11757,2,2,1,2,2,1,1,20.62418,96.55864,102,b9ef659e-2323-4ce1-aa12-4f5bf9f2f167,1599123002146,NanThidaPhyo1,1599313059338,NanThidaPhyo1
FID,FID,true,GlobalID,212003,215947,esriGeometryPoint,102100,3857,Editor,esriFieldTypeString,Editor,sqlTypeOther,,,128,true,106,Magway Region,Aunglan Township,185,224383,11757,1,2,1,2,2,1,1,19.35855,95.21684,106,f3ffc59e-a400-4a6a-b9a8-d808ded4596c,1599239929376,NanThidaPhyo1,1600605561097,NanThidaPhyo1
FID,FID,true,GlobalID,212003,215947,esriGeometryPoint,102100,3857,Editor,esriFieldTypeString,Editor,sqlTypeOther,,,128,true,117,Ayeyarwady Region,Hinthada Township,185,224383,11757,1,2,1,2,2,1,1,17.64958,95.45818,117,d866bae4-c58a-4b03-83d0-853abd13f896,1599488317145,NanThidaPhyo1,1600605418939,NanThidaPhyo1
FID,FID,true,GlobalID,212003,215947,esriGeometryPoint,102100,3857,Editor,esriFieldTypeString,Editor,sqlTypeOther,,,128,true,118,Ayeyarwady Region,Kyonpyaw Township,185,224383,11757,1,2,1,2,2,1,1,17.3,95.2,118,ebafec9c-1722-4224-a18a-da6dd1f22bdd,1599488317145,NanThidaPhyo1,1600262372661,NanThidaPhyo1
FID,FID,true,GlobalID,212003,215947,esriGeometryPoint,102100,3857,Editor,esriFieldTypeString,Editor,sqlTypeOther,,,128,true,121,Rakhine State,Ramree Township,185,224383,11757,1,1,1,2,2,1,1,19.08769,93.85886,121,562904e5-3b50-4488-aed7-d6983c961877,1599626042924,NanThidaPhyo1,1599891634819,NanThidaPhyo1
FID,FID,true,GlobalID,212003,215947,esriGeometryPoint,102100,3857,Editor,esriFieldTypeString,Editor,sqlTypeOther,,,128,true,144,Kayin State,Thandaunggyi Township,185,224383,11757,1,1,1,2,2,1,1,19.07339,96.67547,144,3915d0da-d0d3-48d3-ba6d-f46e826afd45,1599890985156,NanThidaPhyo1,1599898876098,NanThidaPhyo1
FID,FID,true,GlobalID,212003,215947,esriGeometryPoint,102100,3857,Editor,esriFieldTypeString,Editor,sqlTypeOther,,,128,true,150,Sagaing Region,Kawlin Township,185,224383,11757,1,1,1,2,2,1,1,23.79026,95.68339,150,d4874cf5-f42d-4971-b304-9e75a712f01d,1599999247614,NanThidaPhyo1,1600776567987,NanThidaPhyo1
FID,FID,true,GlobalID,212003,215947,esriGeometryPoint,102100,3857,Editor,esriFieldTypeString,Editor,sqlTypeOther,,,128,true,162,Shan State (South),Nansang Township,185,224383,11757,1,1,1,2,2,1,1,20.88912,97.72022,162,3dc9ad73-5fa1-46fa-b33b-91f251b18562,1600077844553,NanThidaPhyo1,1600776700110,NanThidaPhyo1
FID,FID,true,GlobalID,212003,215947,esriGeometryPoint,102100,3857,Editor,esriFieldTypeString,Editor,sqlTypeOther,,,128,true,167,Ayeyarwady Region,Danubyu Township,185,224383,11757,1,1,1,2,2,1,1,17.25468,95.59583,167,938e3607-2920-48fe-b60e-91fdaf1dba26,1600176427931,NanThidaPhyo1,1600444395412,NanThidaPhyo1
FID,FID,true,GlobalID,212003,215947,esriGeometryPoint,102100,3857,Editor,esriFieldTypeString,Editor,sqlTypeOther,,,128,true,173,Mon State,Ye Township,185,224383,11757,1,1,1,2,2,1,1,15.24539,97.84935,173,29344a0b-c40e-4727-81bd-3ee1c883be80,1600339762333,NanThidaPhyo1,1600511739467,NanThidaPhyo1
FID,FID,true,GlobalID,212003,215947,esriGeometryPoint,102100,3857,Editor,esriFieldTypeString,Editor,sqlTypeOther,,,128,true,175,Ayeyarwady Region,Lemyethna Township,185,224383,11757,1,1,1,2,2,1,1,17.60038,95.17454,175,e05669a2-1ba5-4ae4-a02d-4e13acde96d4,1600339762333,NanThidaPhyo1,1600691243556,NanThidaPhyo1
FID,FID,true,GlobalID,212003,215947,esriGeometryPoint,102100,3857,Editor,esriFieldTypeString,Editor,sqlTypeOther,,,128,true,188,Bago Region,Nattalin Township,185,224383,11757,1,1,1,2,2,1,1,18.42753,95.54731,188,d313c2e2-3230-4ed8-8505-42582e10088f,1600510895761,NanThidaPhyo1,1600511408267,NanThidaPhyo1
FID,FID,true,GlobalID,212003,215947,esriGeometryPoint,102100,3857,Editor,esriFieldTypeString,Editor,sqlTypeOther,,,128,true,189,Bago Region,Thegon Township,185,224383,11757,1,1,1,2,2,1,1,18.64698,95.41721,189,85d85e5c-eb57-4921-b253-55024746d924,1600510895761,NanThidaPhyo1,1600511455920,NanThidaPhyo1
FID,FID,true,GlobalID,212003,215947,esriGeometryPoint,102100,3857,Editor,esriFieldTypeString,Editor,sqlTypeOther,,,128,true,196,Kayin State,Hlaingbwe Township,185,224383,11757,1,1,1,2,2,1,1,17.12574,97.81871,196,34bb1e62-d7e5-4bad-9d8f-c1db8ec32af9,1600606114195,NanThidaPhyo1,1600606150043,NanThidaPhyo1
FID,FID,true,GlobalID,212003,215947,esriGeometryPoint,102100,3857,Editor,esriFieldTypeString,Editor,sqlTypeOther,,,128,true,199,Mon State,Chaungzon Township,185,224383,11757,1,1,1,2,2,1,1,97.55048,16.35125,199,45a15623-f2b7-4b3b-a6ba-06fe4c47b0b0,1600775211922,NanThidaPhyo1,1600836518769,NanThidaPhyo1
FID,FID,true,GlobalID,212003,215947,esriGeometryPoint,102100,3857,Editor,esriFieldTypeString,Editor,sqlTypeOther,,,128,true,10,Shan State (North),Kyaukme Township,14,224383,11757,1,1,1,1,1,1,1,22.54172,97.03671,10,c1956133-d012-4101-a4c8-c915738dfa69,1598151582284,NanThidaPhyo1,1598151582284,NanThidaPhyo1
FID,FID,true,GlobalID,212003,215947,esriGeometryPoint,102100,3857,Editor,esriFieldTypeString,Editor,sqlTypeOther,,,128,true,23,Shan State (East),Monghpyak Township,64,224383,11757,1,1,1,1,1,1,1,20.87804,99.92333,23,b10b998a-50ca-4c03-8e2a-6226efef05a4,1598151582284,NanThidaPhyo1,1598151582284,NanThidaPhyo1
FID,FID,true,GlobalID,212003,215947,esriGeometryPoint,102100,3857,Editor,esriFieldTypeString,Editor,sqlTypeOther,,,128,true,38,Mandalay Region,Madaya Township,132,224383,11757,1,1,1,1,1,1,1,22.21036,96.10639,38,eefb0ee2-5335-4f7f-ab55-b01c228f0527,1598151582284,NanThidaPhyo1,1598151582284,NanThidaPhyo1
FID,FID,true,GlobalID,212003,215947,esriGeometryPoint,102100,3857,Editor,esriFieldTypeString,Editor,sqlTypeOther,,,128,true,43,Kachin State,Mohnyin Township,144,224383,11757,1,1,1,1,1,1,1,24.77711,96.36493,43,aff0d409-16dd-4149-92d9-9f13b2170541,1598151582284,NanThidaPhyo1,1598151582284,NanThidaPhyo1
FID,FID,true,GlobalID,212003,215947,esriGeometryPoint,102100,3857,Editor,esriFieldTypeString,Editor,sqlTypeOther,,,128,true,45,Chin State,Hakha Township,150,224383,11757,1,1,1,1,1,1,1,22.64011,93.60483,45,e32e2eea-53a9-458b-a28e-c8148effbc17,1598151582284,NanThidaPhyo1,1598151582284,NanThidaPhyo1
FID,FID,true,GlobalID,212003,215947,esriGeometryPoint,102100,3857,Editor,esriFieldTypeString,Editor,sqlTypeOther,,,128,true,46,Naypyitaw,Zay Yar Thi Ri Township,156,224383,11757,1,1,1,1,1,1,1,19.862,96.309,46,a4226219-cf2e-4e18-85af-cf4d3666cafe,1598151582284,NanThidaPhyo1,1598151582284,NanThidaPhyo1
FID,FID,true,GlobalID,212003,215947,esriGeometryPoint,102100,3857,Editor,esriFieldTypeString,Editor,sqlTypeOther,,,128,true,48,Chin State,Thantlang Township,182,224383,11757,1,1,1,1,1,1,1,22.69843,93.4278,48,f531bb7b-79f2-4a67-9212-b506b366579a,1598151582284,NanThidaPhyo1,1598151582284,NanThidaPhyo1
FID,FID,true,GlobalID,212003,215947,esriGeometryPoint,102100,3857,Editor,esriFieldTypeString,Editor,sqlTypeOther,,,128,true,55,Shan State (South),Ywangan Township,230,224383,11757,1,1,1,1,1,1,1,21.16282,96.44229,55,07be6a9e-08a9-4e79-b95a-9656919cf109,1598151582284,NanThidaPhyo1,1598151582284,NanThidaPhyo1
FID,FID,true,GlobalID,212003,215947,esriGeometryPoint,102100,3857,Editor,esriFieldTypeString,Editor,sqlTypeOther,,,128,true,57,Bago Region,Nyaunglebin Township,233,224383,11757,1,1,1,1,1,1,1,17.95323,96.72151,57,7523e586-70d9-486e-9ff0-e09dd8cba95d,1598151582284,NanThidaPhyo1,1600837681045,NanThidaPhyo1
FID,FID,true,GlobalID,212003,215947,esriGeometryPoint,102100,3857,Editor,esriFieldTypeString,Editor,sqlTypeOther,,,128,true,59,Magway Region,Thayet Township,242,224383,11757,1,1,1,1,1,1,1,19.3215,95.17716,59,e5bb7c61-c7ee-44d2-9204-fe867095ce85,1598151582284,NanThidaPhyo1,1598151582284,NanThidaPhyo1
FID,FID,true,GlobalID,212003,215947,esriGeometryPoint,102100,3857,Editor,esriFieldTypeString,Editor,sqlTypeOther,,,128,true,61,Kachin State,Momauk Township,249,224383,11757,1,1,1,1,1,1,1,24.25095,97.34653,61,4815ef0d-0ed8-4544-a218-87e0b80d181f,1598151582284,NanThidaPhyo1,1598151582284,NanThidaPhyo1
FID,FID,true,GlobalID,212003,215947,esriGeometryPoint,102100,3857,Editor,esriFieldTypeString,Editor,sqlTypeOther,,,128,true,70,Kayin State,Kyainseikgyi Township,351,224383,11757,1,1,1,1,1,1,1,16.04079,98.12322,70,d411798d-ffb4-49d6-ac32-7aed1ae693d2,1598151582284,NanThidaPhyo1,1598151582284,NanThidaPhyo1
FID,FID,true,GlobalID,212003,215947,esriGeometryPoint,102100,3857,Editor,esriFieldTypeString,Editor,sqlTypeOther,,,128,true,82,Bago Region,Taungoo Township,606,224383,11757,1,1,1,1,1,1,1,18.93953,96.43314,82,4ca3a16a-f313-416c-8b48-4ef7db749f5b,1598585496802,NanThidaPhyo1,1598585555470,NanThidaPhyo1
FID,FID,true,GlobalID,212003,215947,esriGeometryPoint,102100,3857,Editor,esriFieldTypeString,Editor,sqlTypeOther,,,128,true,86,Rakhine State,Gwa Township,634,224383,11757,1,1,1,1,1,1,1,17.59369,94.57996,86,752919b7-2e6a-4111-a9aa-6bfecc2c0bf6,1598628431621,NanThidaPhyo1,1598628464133,NanThidaPhyo1
FID,FID,true,GlobalID,212003,215947,esriGeometryPoint,102100,3857,Editor,esriFieldTypeString,Editor,sqlTypeOther,,,128,true,87,Rakhine State,Munaung Township,641,224383,11757,1,1,1,1,1,1,1,18.85506,93.7215,87,d7d27aaf-182e-492e-ae4e-8b3c1160aca2,1598628431621,NanThidaPhyo1,1598628610686,NanThidaPhyo1
FID,FID,true,GlobalID,212003,215947,esriGeometryPoint,102100,3857,Editor,esriFieldTypeString,Editor,sqlTypeOther,,,128,true,90,Bago Region,Padaung Township,641,224383,11757,1,1,1,1,1,1,1,18.71797,95.15353,90,31ed2adf-0a39-42c2-bfcd-e3c3a962f0fa,1598957706542,NanThidaPhyo1,1598957918856,NanThidaPhyo1
FID,FID,true,GlobalID,212003,215947,esriGeometryPoint,102100,3857,Editor,esriFieldTypeString,Editor,sqlTypeOther,,,128,true,108,Naypyitaw,Tatkon Township,641,224383,11757,1,1,1,1,1,1,1,20.13041,96.20297,108,72878dbe-49cf-4120-80d7-7e76d102d7b6,1599311207318,NanThidaPhyo1,1599312659485,NanThidaPhyo1
FID,FID,true,GlobalID,212003,215947,esriGeometryPoint,102100,3857,Editor,esriFieldTypeString,Editor,sqlTypeOther,,,128,true,114,Ayeyarwady Region,Thabaung Township,641,224383,11757,1,1,1,1,1,1,1,17.04734,94.80589,114,3683d5da-2f0c-4690-92ae-23aaae6f706d,1599388251406,NanThidaPhyo1,1599388366517,NanThidaPhyo1
FID,FID,true,GlobalID,212003,215947,esriGeometryPoint,102100,3857,Editor,esriFieldTypeString,Editor,sqlTypeOther,,,128,true,115,Kayin State,Kawkareik Township,641,224383,11757,1,1,1,1,1,1,1,16.55553,98.23996,115,753ecd46-2174-42f7-95cb-53882cea1fea,1599388251406,NanThidaPhyo1,1599389692998,NanThidaPhyo1
FID,FID,true,GlobalID,212003,215947,esriGeometryPoint,102100,3857,Editor,esriFieldTypeString,Editor,sqlTypeOther,,,128,true,123,Shan State (South),Hopong Township,641,224383,11757,1,1,1,1,1,1,1,20.79743,97.17024,123,9adc6ee0-7577-45c3-ae7e-da27254e48b2,1599626042924,NanThidaPhyo1,1599647154111,NanThidaPhyo1
FID,FID,true,GlobalID,212003,215947,esriGeometryPoint,102100,3857,Editor,esriFieldTypeString,Editor,sqlTypeOther,,,128,true,124,Mon State,Paung Township,641,224383,11757,1,1,1,1,1,1,1,16.61679,97.45672,124,632665b7-4a11-4427-8bd0-cbc941e80ab5,1599626806974,NanThidaPhyo1,1599646602462,NanThidaPhyo1
FID,FID,true,GlobalID,212003,215947,esriGeometryPoint,102100,3857,Editor,esriFieldTypeString,Editor,sqlTypeOther,,,128,true,126,Kachin State,Myitkyina Township,641,224383,11757,1,1,1,1,1,1,1,25.38749,97.39036,126,2e2efc3d-9d27-4f8e-835f-2870d4ef6d93,1599718393528,NanThidaPhyo1,1599718464359,NanThidaPhyo1
FID,FID,true,GlobalID,212003,215947,esriGeometryPoint,102100,3857,Editor,esriFieldTypeString,Editor,sqlTypeOther,,,128,true,130,Magway Region,Myaing Township,641,224383,11757,1,1,1,1,1,1,1,21.61256,94.85432,130,9f7cee91-70ae-42f1-929f-7bd62f22f3be,1599823871956,NanThidaPhyo1,1599833144741,NanThidaPhyo1
FID,FID,true,GlobalID,212003,215947,esriGeometryPoint,102100,3857,Editor,esriFieldTypeString,Editor,sqlTypeOther,,,128,true,132,Mandalay Region,Meiktila Township,641,224383,11757,1,1,1,1,1,1,1,20.88189,95.86311,132,026173f4-6906-4c03-9823-01fb5f3f7a7c,1599823871956,NanThidaPhyo1,1599826468035,NanThidaPhyo1
FID,FID,true,GlobalID,212003,215947,esriGeometryPoint,102100,3857,Editor,esriFieldTypeString,Editor,sqlTypeOther,,,128,true,138,Mandalay Region,Yamethin Township,641,224383,11757,1,1,1,1,1,1,1,20.4305,96.13747,138,015c5da0-c015-4bd2-8b8b-535ff30451f5,1599889879073,NanThidaPhyo1,1599891299297,NanThidaPhyo1
FID,FID,true,GlobalID,212003,215947,esriGeometryPoint,102100,3857,Editor,esriFieldTypeString,Editor,sqlTypeOther,,,128,true,140,Sagaing Region,Myinmu Township,641,224383,11757,1,1,1,1,1,1,1,21.92681,95.57157,140,1f7a8581-9698-470e-9680-36da2716d646,1599889879073,NanThidaPhyo1,1599891715212,NanThidaPhyo1
FID,FID,true,GlobalID,212003,215947,esriGeometryPoint,102100,3857,Editor,esriFieldTypeString,Editor,sqlTypeOther,,,128,true,146,Ayeyarwady Region,Myaungmya Township,641,224383,11757,1,1,1,1,1,1,1,16.59926,94.92977,146,1a186221-4fc1-474b-b622-0993582dde9c,1599898835747,NanThidaPhyo1,1599898890018,NanThidaPhyo1
FID,FID,true,GlobalID,212003,215947,esriGeometryPoint,102100,3857,Editor,esriFieldTypeString,Editor,sqlTypeOther,,,128,true,147,Magway Region,Minhla Township,641,224383,11757,1,1,1,1,1,1,1,19.96559,95.0367,147,dd20384d-40a0-48c6-8cab-e90484150b19,1599898835747,NanThidaPhyo1,1599898898116,NanThidaPhyo1
FID,FID,true,GlobalID,212003,215947,esriGeometryPoint,102100,3857,Editor,esriFieldTypeString,Editor,sqlTypeOther,,,128,true,148,Mandalay Region,Kyaukpadaung Township,641,224383,11757,1,1,1,1,1,1,1,20.84248,95.13218,148,21280c28-c3ce-4e16-a55b-9d0d89b13079,1599999247614,NanThidaPhyo1,1599999287241,NanThidaPhyo1
FID,FID,true,GlobalID,212003,215947,esriGeometryPoint,102100,3857,Editor,esriFieldTypeString,Editor,sqlTypeOther,,,128,true,149,Sagaing Region,Mawlaik Township,641,224383,11757,1,1,1,1,1,1,1,23.63512,94.41201,149,1c8d38ea-b9e5-4e54-874e-0ec6b6c0e341,1599999247614,NanThidaPhyo1,1599999294879,NanThidaPhyo1
FID,FID,true,GlobalID,212003,215947,esriGeometryPoint,102100,3857,Editor,esriFieldTypeString,Editor,sqlTypeOther,,,128,true,151,Yangon Region,Taikkyi Township,641,224383,11757,1,1,1,1,1,1,1,17.31263,95.96344,151,8066d434-163d-4425-844c-d7c3f3ad2070,1599999247614,NanThidaPhyo1,1599999313020,NanThidaPhyo1
FID,FID,true,GlobalID,212003,215947,esriGeometryPoint,102100,3857,Editor,esriFieldTypeString,Editor,sqlTypeOther,,,128,true,157,Tanintharyi Region,Dawei Township,641,224383,11757,1,1,1,1,1,1,1,14.07753,98.19636,157,8c7ba11d-574b-4357-9e55-13e581a6bb01,1599999247614,NanThidaPhyo1,1599999376385,NanThidaPhyo1
FID,FID,true,GlobalID,212003,215947,esriGeometryPoint,102100,3857,Editor,esriFieldTypeString,Editor,sqlTypeOther,,,128,true,159,Sagaing Region,Myaung Township,641,224383,11757,1,1,1,1,1,1,1,21.83164,95.42425,159,4ab96453-bc5a-417b-81e7-d6509e43333c,1600077844553,NanThidaPhyo1,1600078098088,NanThidaPhyo1
FID,FID,true,GlobalID,212003,215947,esriGeometryPoint,102100,3857,Editor,esriFieldTypeString,Editor,sqlTypeOther,,,128,true,160,Sagaing Region,Indaw Township,641,224383,11757,1,1,1,1,1,1,1,24.22252,96.14167,160,db625396-6d61-41e8-88d3-9f01ee9bbdf4,1600077844553,NanThidaPhyo1,1600078107876,NanThidaPhyo1
FID,FID,true,GlobalID,212003,215947,esriGeometryPoint,102100,3857,Editor,esriFieldTypeString,Editor,sqlTypeOther,,,128,true,161,Sagaing Region,Taze Township,641,224383,11757,1,1,1,1,1,1,1,22.94407,95.37361,161,1e127bb5-cdd9-4c9f-b17b-14108f99f2fb,1600077844553,NanThidaPhyo1,1600078130682,NanThidaPhyo1
FID,FID,true,GlobalID,212003,215947,esriGeometryPoint,102100,3857,Editor,esriFieldTypeString,Editor,sqlTypeOther,,,128,true,163,Mandalay Region,Pyawbwe Township,641,224383,11757,1,1,1,1,1,1,1,20.59472,96.05094,163,1dd81f1b-5585-41e5-baf8-5436b63a8cf0,1600176427931,NanThidaPhyo1,1600217588117,NanThidaPhyo1
FID,FID,true,GlobalID,212003,215947,esriGeometryPoint,102100,3857,Editor,esriFieldTypeString,Editor,sqlTypeOther,,,128,true,164,Mandalay Region,Kyaukse Township,641,224383,11757,1,1,1,1,1,1,1,21.61325,96.13033,164,64265862-22cd-4b9d-a80f-958471385a95,1600176427931,NanThidaPhyo1,1600217599676,NanThidaPhyo1
FID,FID,true,GlobalID,212003,215947,esriGeometryPoint,102100,3857,Editor,esriFieldTypeString,Editor,sqlTypeOther,,,128,true,165,Sagaing Region,Budalin Township,641,224383,11757,1,1,1,1,1,1,1,22.38918,95.14857,165,18289de2-57e7-4033-91a4-63e79a9f068f,1600176427931,NanThidaPhyo1,1600217684215,NanThidaPhyo1
FID,FID,true,GlobalID,212003,215947,esriGeometryPoint,102100,3857,Editor,esriFieldTypeString,Editor,sqlTypeOther,,,128,true,169,Ayeyarwady Region,Ingapu Township,641,224383,11757,1,1,1,1,1,1,1,17.80981,95.26926,169,9f9af410-c347-4655-b968-e04ef5af8f36,1600258428868,NanThidaPhyo1,1600262337208,NanThidaPhyo1
FID,FID,true,GlobalID,212003,215947,esriGeometryPoint,102100,3857,Editor,esriFieldTypeString,Editor,sqlTypeOther,,,128,true,170,Ayeyarwady Region,Nyaungdon Township,641,224383,11757,1,1,1,1,1,1,1,17.04903,95.63359,170,5ea52782-9c17-4a5a-871e-a2e9b6b69d59,1600258428868,NanThidaPhyo1,1600262394188,NanThidaPhyo1
FID,FID,true,GlobalID,212003,215947,esriGeometryPoint,102100,3857,Editor,esriFieldTypeString,Editor,sqlTypeOther,,,128,true,172,Sagaing Region,Ayadaw Township,641,224383,11757,1,1,1,1,1,1,1,22.28525,95.45068,172,c4644cdb-c321-4512-8e2b-bc76dd2ae273,1600258428868,NanThidaPhyo1,1600262778367,NanThidaPhyo1
FID,FID,true,GlobalID,212003,215947,esriGeometryPoint,102100,3857,Editor,esriFieldTypeString,Editor,sqlTypeOther,,,128,true,174,Bago Region,Gyobingauk Township,641,224383,11757,1,1,1,1,1,1,1,18.22989,95.65259,174,118246a0-32ea-4f4d-89dc-3f4585c0bc2e,1600339762333,NanThidaPhyo1,1600344154059,NanThidaPhyo1
FID,FID,true,GlobalID,212003,215947,esriGeometryPoint,102100,3857,Editor,esriFieldTypeString,Editor,sqlTypeOther,,,128,true,176,Magway Region,Pauk Township,641,224383,11757,1,1,1,1,1,1,1,21.45215,94.47374,176,7112a2d9-93a1-427a-8df7-a94d7f88ed5c,1600339762333,NanThidaPhyo1,1600344448993,NanThidaPhyo1
FID,FID,true,GlobalID,212003,215947,esriGeometryPoint,102100,3857,Editor,esriFieldTypeString,Editor,sqlTypeOther,,,128,true,177,Tanintharyi Region,Bokpyin Township,641,224383,11757,1,1,1,1,1,1,1,11.26504,98.75909,177,ddc8ca89-abc7-47a8-b1f4-beee67daac6a,1600339762333,NanThidaPhyo1,1600344490426,NanThidaPhyo1
FID,FID,true,GlobalID,212003,215947,esriGeometryPoint,102100,3857,Editor,esriFieldTypeString,Editor,sqlTypeOther,,,128,true,178,Sagaing Region,Tabayin Township,641,224383,11757,1,1,1,1,1,1,1,22.68529,95.32121,178,947e78bc-9310-4db0-a0dd-0f9fcee8a7e2,1600339762333,NanThidaPhyo1,1600344521450,NanThidaPhyo1
FID,FID,true,GlobalID,212003,215947,esriGeometryPoint,102100,3857,Editor,esriFieldTypeString,Editor,sqlTypeOther,,,128,true,174,Mandalay Region,Wundwin Township,641,224383,11757,1,1,1,1,1,1,1,21.09691,96.03001,180,2ff4a75d-3347-4c44-a7ee-02eca373aee2,1600439531272,NanThidaPhyo1,1600440919587,NanThidaPhyo1
FID,FID,true,GlobalID,212003,215947,esriGeometryPoint,102100,3857,Editor,esriFieldTypeString,Editor,sqlTypeOther,,,128,true,178,Sagaing Region,Khin-U Township,641,224383,11757,1,1,1,1,1,1,1,21.09691,96.03001,184,00e6bb57-0b31-4dc8-8044-503f2f7a2209,1600439531272,NanThidaPhyo1,1600444431762,NanThidaPhyo1
FID,FID,true,GlobalID,212003,215947,esriGeometryPoint,102100,3857,Editor,esriFieldTypeString,Editor,sqlTypeOther,,,128,true,185,Bago Region,Minhla Township,641,224383,11757,1,1,1,1,1,1,1,17.97389,95.70905,185,0283cdf8-b48b-41c4-ad2d-0c05b5cf7dfa,1600444236149,NanThidaPhyo1,1600444275207,NanThidaPhyo1
FID,FID,true,GlobalID,212003,215947,esriGeometryPoint,102100,3857,Editor,esriFieldTypeString,Editor,sqlTypeOther,,,128,true,186,Ayeyarwady Region,Labutta Township,641,224383,11757,1,1,1,1,1,1,1,16.14557,94.75889,186,e8c349d3-10dd-4a45-a557-f8b268877a7e,1600510895761,NanThidaPhyo1,1600511307023,NanThidaPhyo1
FID,FID,true,GlobalID,212003,215947,esriGeometryPoint,102100,3857,Editor,esriFieldTypeString,Editor,sqlTypeOther,,,128,true,191,Bago Region,Shwedaung Township,641,224383,11757,1,1,1,1,1,1,1,18.7051,95.21404,191,8fd9109b-d6c7-454e-9148-1bfee46eb6ad,1600510895761,NanThidaPhyo1,1600511536618,NanThidaPhyo1
FID,FID,true,GlobalID,212003,215947,esriGeometryPoint,102100,3857,Editor,esriFieldTypeString,Editor,sqlTypeOther,,,128,true,192,Bago Region,Thayarwady Township,641,224383,11757,1,1,1,1,1,1,1,17.65441,95.78629,192,a19f92b6-1e9b-4db3-b6be-f2b107e205dc,1600510895761,NanThidaPhyo1,1600511546111,NanThidaPhyo1
FID,FID,true,GlobalID,212003,215947,esriGeometryPoint,102100,3857,Editor,esriFieldTypeString,Editor,sqlTypeOther,,,128,true,193,Kachin State,Mogaung Township,641,224383,11757,1,1,1,1,1,1,1,25.30274,96.94038,193,560110fc-d76c-49bb-bcd8-761178576206,1600510895761,NanThidaPhyo1,1600511582363,NanThidaPhyo1
FID,FID,true,GlobalID,212003,215947,esriGeometryPoint,102100,3857,Editor,esriFieldTypeString,Editor,sqlTypeOther,,,128,true,194,Mandalay Region,Taungtha Township,641,224383,11757,1,1,1,1,1,1,1,21.27603,95.44541,194,606a0718-de62-44c6-9c62-b1ccbaa77fe8,1600510895761,NanThidaPhyo1,1600511667198,NanThidaPhyo1
FID,FID,true,GlobalID,212003,215947,esriGeometryPoint,102100,3857,Editor,esriFieldTypeString,Editor,sqlTypeOther,,,128,true,195,Sagaing Region,Homalin Township,641,224383,11757,1,1,1,1,1,1,1,24.8644,94.91088,195,82763112-d799-4629-b5a1-fc831137a66a,1600606114195,NanThidaPhyo1,1600606142874,NanThidaPhyo1
FID,FID,true,GlobalID,212003,215947,esriGeometryPoint,102100,3857,Editor,esriFieldTypeString,Editor,sqlTypeOther,,,128,true,197,Sagaing Region,Katha Township,641,224383,11757,1,1,1,1,1,1,1,24.18163,96.33167,197,4b23df12-bf8b-4538-8c53-606b773adfc8,1600694623167,NanThidaPhyo1,1600694668940,NanThidaPhyo1
FID,FID,true,GlobalID,212003,215947,esriGeometryPoint,102100,3857,Editor,esriFieldTypeString,Editor,sqlTypeOther,,,128,true,198,Sagaing Region,Shwebo Township,641,224383,11757,1,1,1,1,1,1,1,22.56996,95.69849,198,c79e17ee-0c35-4bc0-8f1e-e556ddecfec1,1600694623167,NanThidaPhyo1,1600694674692,NanThidaPhyo1
FID,FID,true,GlobalID,212003,215947,esriGeometryPoint,102100,3857,Editor,esriFieldTypeString,Editor,sqlTypeOther,,,128,true,200,Mon State,Thanbyuzayat Township,641,224383,11757,1,1,1,1,1,1,1,97.7333,15.9667,200,21b72b59-c6cd-4a6a-8c52-34a77f4889ae,1600775211922,NanThidaPhyo1,1600776228737,NanThidaPhyo1
FID,FID,true,GlobalID,212003,215947,esriGeometryPoint,102100,3857,Editor,esriFieldTypeString,Editor,sqlTypeOther,,,128,true,201,Sagaing Region,Wetlet Township,641,224383,11757,1,1,1,1,1,1,1,95.78812,22.36715,201,9a7a295f-3415-4f6a-9df4-7e3b3b5e1445,1600775211922,NanThidaPhyo1,1600776586350,NanThidaPhyo1
FID,FID,true,GlobalID,212003,215947,esriGeometryPoint,102100,3857,Editor,esriFieldTypeString,Editor,sqlTypeOther,,,128,true,202,Mandalay Region,Thabeikkyin Township,641,224383,11757,1,1,1,1,1,1,1,95.97525,22.88593,202,a5297273-7499-4b8e-ac14-a805ec316cfe,1600775211922,NanThidaPhyo1,1600776163852,NanThidaPhyo1
FID,FID,true,GlobalID,212003,215947,esriGeometryPoint,102100,3857,Editor,esriFieldTypeString,Editor,sqlTypeOther,,,128,true,99,Mandalay Region,Thabeikkyin Township,"New Case (18-9-2020, 8:00 PM) Laboratory Confirmed",224383,11757,1,1,1,1,1,1,1,16.35125,97.55048,99,b8cb0206-abe3-4034-900e-b4826ae10213,1599123002146,NanThidaPhyo1,1600511201370,NanThidaPhyo1
FID,FID,true,GlobalID,212003,215947,esriGeometryPoint,102100,3857,Editor,esriFieldTypeString,Editor,sqlTypeOther,,,128,true,105,Mandalay Region,Thabeikkyin Township,"New Case (18-9-2020, 8:00 PM) Laboratory Confirmed",224383,11757,1,1,1,1,1,1,1,20.92536,97.56581,105,b5ddfb21-5e70-4eec-bd27-ab641bb072f9,1599239929376,NanThidaPhyo1,1599891942679,NanThidaPhyo1